application_usage,file_activity,device_usage,network_activity,productivity_score,danger_level
152,15,3,1560,0.7520772465902748,3
229,17,3,1952,0.9444854438772297,3
142,11,6,775,0.597849956935178,2
64,17,3,1035,0.38420073656841175,3
156,13,2,564,0.23565105875894332,2
121,1,8,385,0.5325137493487246,2
238,2,5,364,0.4415333600620015,3
70,9,1,419,0.8088706448191005,1
152,3,3,772,0.4834142118728373,2
171,1,8,1499,0.9592569570518752,2
260,16,4,919,0.9698481623902275,3
264,6,7,188,0.6967268721741664,3
124,17,2,1777,0.9429282296119064,3
252,5,7,1326,0.8086834756115966,3
137,5,5,920,0.637487712780101,2
166,6,5,1862,0.34424634833822254,3
149,3,6,1100,0.5668783548110721,2
153,5,9,433,0.6486995706900941,2
201,5,6,321,0.8911692645880083,3
180,10,8,140,0.585066701228532,2
199,10,7,1831,0.9181397381423653,3
102,19,9,167,0.7394791832187753,3
51,17,4,1087,0.3095992504429371,3
137,14,2,1899,0.9959850954600744,3
285,9,7,613,0.6217861286031301,3
207,14,6,1996,0.5134866371272631,3
87,1,1,1760,0.7272910115756213,3
179,19,9,1745,0.28711465118483126,3
241,13,9,1721,0.7092309174026836,3
237,13,2,1755,0.5985888003994184,3
70,4,3,1250,0.5253392559988666,1
210,1,5,1378,0.9624160169431193,3
253,17,5,794,0.6180317733856426,3
107,8,1,1139,0.3752939835759508,2
71,2,8,576,0.5671707835018389,1
285,8,8,1185,0.9355099236581381,3
138,7,4,980,0.3408763770644757,2
98,2,7,531,0.3711656309505895,1
268,3,3,1793,0.210423654205667,3
108,18,6,367,0.21135203951661374,3
219,12,9,1158,0.8635133015668102,3
269,1,1,878,0.7856980854743647,3
237,12,5,1699,0.48403284516156664,3
257,5,4,593,0.7586489257820583,3
64,17,8,1685,0.5161647410479762,3
239,16,1,1592,0.9623174367982621,3
239,15,9,1890,0.9736421451408279,3
224,15,6,760,0.5142350206474747,3
239,5,4,1448,0.8833775250726945,3
100,14,9,1427,0.8184712333579729,1
157,2,5,1399,0.44799994973743146,2
104,11,5,1992,0.3856318631208848,3
293,19,5,1807,0.5665877203142671,3
113,7,1,1112,0.8250790724915251,2
298,6,1,1324,0.9681342277829963,3
180,2,8,1568,0.8108632550932582,3
278,6,8,1447,0.8841655880146961,3
100,18,6,1158,0.6824514449364132,3
184,2,4,1076,0.8683262646737007,2
70,18,2,581,0.8275366864027343,3
122,15,2,827,0.5015884335410241,2
216,19,9,579,0.6415922416965769,3
67,2,5,1188,0.843802497591756,1
181,6,4,1131,0.23684538735196511,2
138,1,1,1424,0.846463425884664,2
109,15,7,442,0.34231049923921875,2
63,10,3,1554,0.6117468936971512,3
291,19,6,1547,0.8466203516447501,3
299,17,5,431,0.4030568625253559,3
58,5,5,537,0.39664595144492243,1
139,4,5,1711,0.5222115187698015,3
102,10,1,273,0.9157142380621077,2
179,17,1,658,0.2003542251497663,3
133,10,3,626,0.921106477313548,2
141,17,4,1996,0.32304561971328627,3
160,5,5,758,0.9920691008539857,2
237,2,2,125,0.9638775944307745,3
248,6,8,919,0.5957401516730267,3
221,2,2,704,0.6101761982501026,3
57,13,9,505,0.5852394722206835,1
224,11,2,331,0.7083549165276182,3
84,11,9,632,0.27257736178794484,1
255,16,7,1942,0.22609435867325323,3
130,11,8,1673,0.24616234273271909,3
213,19,2,1911,0.5554922793932116,3
99,15,7,604,0.4204383513755867,1
153,16,6,1792,0.697631649896795,3
181,11,4,278,0.9939538314998233,2
51,16,7,231,0.5090585384611728,3
183,8,4,1946,0.6590730032836107,3
103,4,2,1578,0.5324831167258683,3
155,8,7,447,0.8778173341774875,2
53,4,8,639,0.9217891227697905,1
103,3,2,871,0.901884489764208,2
270,3,5,1529,0.9794977909434062,3
240,18,1,175,0.22201534811233226,3
195,19,7,678,0.8718529297164248,3
267,19,8,953,0.8014177384312746,3
93,5,6,1615,0.3829555275202918,3
211,18,5,293,0.9650560747100221,3
251,10,6,1285,0.3185423425839564,3
239,6,2,446,0.7436399417071267,3
277,1,1,1050,0.37991217345273,3
63,5,7,1484,0.5451045190192598,1
144,9,7,1892,0.7753279175556551,3
97,12,2,1707,0.6506597136264374,3
64,14,2,1210,0.5420014650624894,1
249,2,1,1385,0.4610707447455898,3
255,17,8,313,0.8717277245670323,3
264,14,8,1788,0.315051480251851,3
298,13,1,1845,0.54408230122384,3
239,9,8,672,0.9230060574201138,3
89,15,9,879,0.8766796403679742,1
262,15,4,361,0.5207534099784374,3
257,11,1,829,0.8104866908810466,3
286,16,1,382,0.8585286645670875,3
131,17,3,1771,0.9111099392029038,3
160,4,5,1590,0.6356046152393824,3
102,1,5,1503,0.36356870884376946,3
73,8,9,461,0.40424726120314536,1
203,17,2,1572,0.4365557392332834,3
266,3,2,540,0.6750419846476925,3
237,15,6,192,0.22624769930288677,3
173,15,9,1744,0.7088339750239747,3
286,14,1,852,0.4914833907425856,3
90,14,9,966,0.4361934419917137,1
206,2,9,1547,0.9035972565825012,3
64,13,9,241,0.5680019164646392,1
94,14,5,1414,0.2760424364261542,1
114,19,9,1555,0.8613974144209977,3
138,7,4,848,0.2381130059492053,2
120,3,2,1975,0.7813993793345573,3
58,15,6,1947,0.8191249774165321,3
137,14,4,1812,0.48208208474308656,3
178,11,6,752,0.8598302850222295,2
285,15,3,800,0.6125275246851627,3
185,13,6,1097,0.5706349226182375,2
265,18,2,148,0.23632262517495406,3
112,6,2,1425,0.43202335491912475,2
188,3,9,980,0.9448079767082398,2
292,19,7,1313,0.5134591706268,3
130,15,3,1259,0.6373604164454147,2
185,5,1,654,0.6256173431874015,2
212,10,8,503,0.6723448718581546,3
212,7,6,991,0.2490647645146261,3
82,17,7,964,0.48974100383898267,3
172,7,9,701,0.7785026191060433,2
54,12,5,1930,0.36044820085838636,3
283,17,1,440,0.36286270203708837,3
280,13,7,1880,0.2080724853512198,3
299,4,5,803,0.5499855412865677,3
90,10,3,417,0.9061875045387378,1
77,3,9,717,0.24152075486984723,1
184,9,1,1486,0.3528949675968021,2
250,13,1,1945,0.4480676306742041,3
121,18,1,481,0.7853797892513703,3
61,15,3,332,0.7125084742420693,1
211,4,6,1900,0.532755123665484,3
82,15,3,1467,0.8072551514067006,1
97,2,8,1672,0.6877048093255216,3
296,15,2,916,0.9168326397257753,3
200,8,9,652,0.8544213993109544,2
111,8,3,1652,0.40225088487136046,3
265,17,5,955,0.4171508621073602,3
86,12,8,1912,0.3002851806339085,3
148,19,2,918,0.4695717805739652,3
221,10,6,1694,0.9996351349752755,3
153,9,5,282,0.5246009348920488,2
263,5,9,1164,0.3763907477512851,3
268,6,5,1674,0.8099863075804425,3
84,2,2,496,0.6339768027701249,1
242,13,5,1827,0.31968115962156207,3
276,6,4,878,0.5045517449286927,3
150,5,7,1617,0.5315757724314747,3
224,1,6,1782,0.803063760455375,3
255,6,2,1006,0.2165370951135236,3
180,6,5,1456,0.4152157174386484,2
50,16,7,226,0.6140770410524177,3
54,4,7,1681,0.4150773939622747,3
267,11,5,1680,0.7027472379351991,3
296,9,9,100,0.5854939834196933,3
191,3,4,1291,0.48936820388766455,2
152,19,3,1743,0.9593669014964099,3
76,8,4,118,0.7057275993491661,1
186,5,5,1455,0.303953097814353,2
256,4,6,683,0.6480733579547164,3
64,6,3,555,0.8245854825607208,1
139,2,2,1056,0.7667917579942378,2
91,11,4,1232,0.3376713834362075,1
173,4,5,1391,0.9779359992320826,2
254,15,4,544,0.5590509165972848,3
228,6,3,1363,0.32722000299220905,3
112,17,8,1424,0.34415660330251835,3
145,6,4,701,0.2785879937512644,2
280,19,2,202,0.8428144867479475,3
290,2,2,1087,0.29762439545747893,3
101,15,1,1373,0.30010020571339757,2
145,11,4,1576,0.8803772918086701,3
181,8,9,619,0.47568326755804774,2
271,19,7,1276,0.22468632344645798,3
278,13,7,958,0.2415162396147287,3
200,12,7,273,0.31373635736311645,2
280,5,8,1466,0.37071467838055167,3
286,6,1,1793,0.7321169553907243,3
192,4,8,1104,0.3258610240014626,2
220,19,4,530,0.2950995129416576,3
78,1,4,826,0.8117753131810235,1
85,17,4,1812,0.7368442270879316,3
62,12,6,1810,0.548259377164189,3
209,15,7,1975,0.6394478171840832,3
120,1,6,949,0.4495872162611348,2
236,14,1,1781,0.5860003361882886,3
292,6,8,1447,0.6053381191861966,3
135,5,7,1089,0.5097898169424768,2
77,11,6,1796,0.9252577685377303,3
115,4,6,738,0.21284949198480493,2
219,13,5,519,0.8257370104729971,3
94,11,6,693,0.2995062649930595,1
111,3,9,584,0.8380378884297597,2
234,1,9,1782,0.6927295325413769,3
294,6,8,1874,0.8746224727491219,3
183,18,9,511,0.27801146051271797,3
77,10,8,1035,0.6471845072798192,1
77,5,8,1207,0.6008703042097576,1
157,10,1,1236,0.764954546370687,2
93,12,5,1860,0.6274324415149406,3
133,2,4,431,0.6325876537064834,2
79,13,2,1501,0.5436767548608518,3
239,8,8,1878,0.4470675392058727,3
124,2,3,754,0.5858114890017538,2
177,1,4,140,0.2947938870147205,2
299,5,7,1893,0.9692106711864679,3
296,9,9,1058,0.7715286109012787,3
141,17,2,1920,0.9619736933502774,3
266,9,3,204,0.38138190586397064,3
280,11,4,301,0.9034728161412224,3
239,15,1,549,0.8470319876508308,3
274,6,7,1942,0.7417219299661391,3
178,3,2,1966,0.7000233488681646,3
170,17,5,1389,0.45323973221429603,3
76,5,1,1009,0.8531286279720247,1
239,12,3,309,0.6012123691837871,3
170,18,2,662,0.2567132607130283,3
165,14,1,1241,0.450290528684104,2
254,11,7,812,0.9482376788362621,3
282,9,5,1500,0.880544208483877,3
52,2,1,1674,0.9855245584612313,3
152,12,6,1663,0.7023947060832785,3
247,3,5,870,0.39800805851232957,3
249,3,3,1207,0.33025203974149103,3
204,1,7,553,0.3495315524867693,3
186,8,9,766,0.2158365266778035,2
111,8,9,728,0.5125456887887514,2
214,11,9,1637,0.35314214439963404,3
274,9,2,1728,0.5293243683653619,3
100,5,3,1801,0.9479955454710123,3
283,14,7,486,0.544432167605752,3
221,3,5,1473,0.9023875975878679,3
201,5,2,395,0.6844038132927013,3
256,5,3,357,0.39770524372911353,3
108,19,6,1204,0.48468380740736916,3
167,14,7,367,0.2671356286571436,2
209,4,9,518,0.46677007487680844,3
145,13,1,334,0.7420327564028273,2
265,10,7,1956,0.25768887434354815,3
282,18,8,1434,0.3643211267824235,3
229,8,3,1936,0.5051528331306492,3
162,8,4,1085,0.9856396296127701,2
111,7,6,1480,0.8278894583671041,2
290,8,7,1336,0.7867893971936832,3
235,14,4,673,0.2929527652203568,3
101,19,8,148,0.8247967148919932,3
61,6,5,1250,0.8282150492128122,1
88,1,1,322,0.6808821564994627,1
179,15,4,1020,0.9922894255986976,2
180,1,3,1402,0.4602031247396416,2
162,17,9,1531,0.9530179585934813,3
150,1,8,1628,0.931784891965203,3
162,15,1,1417,0.20918452779950228,2
233,2,6,1919,0.5600932211798488,3
130,14,9,376,0.9816833864412586,2
236,8,7,1561,0.28249708992646066,3
162,8,4,1230,0.6382277555066556,2
51,19,1,1781,0.9831660056328833,3
179,7,2,519,0.6443963392846881,2
269,19,5,710,0.35185224237772483,3
103,6,5,1552,0.6657465840740718,3
136,6,8,474,0.3635524591596375,2
278,3,6,172,0.6157634103155873,3
273,7,8,1757,0.25923377432987843,3
274,19,2,1153,0.6843861353715237,3
178,8,3,1311,0.6134319513025266,2
196,10,6,1487,0.7921290950091706,2
175,15,3,1989,0.7045603769270281,3
179,15,6,1923,0.6396850148246054,3
102,1,6,1574,0.751823079398497,3
221,7,2,294,0.3151535308577847,3
267,4,7,1279,0.6762877290068833,3
209,6,2,1295,0.3376884822582221,3
247,1,6,946,0.9404177662815048,3
209,5,1,1164,0.2546672838764834,3
296,1,3,1186,0.5442997997526346,3
117,4,2,122,0.7566379821243558,2
232,2,7,459,0.5664177693346071,3
252,10,4,1198,0.2736762025863219,3
233,5,8,659,0.6427032129013659,3
172,10,6,771,0.7133055270618838,2
194,1,4,1948,0.7630338487924062,3
87,6,5,1241,0.49860785157020715,1
73,13,9,1735,0.6509279768230098,3
118,15,7,1503,0.5605491799511305,3
165,4,9,778,0.7376448310018027,2
147,13,7,1413,0.6668455738598549,2
247,15,1,539,0.620604975647308,3
263,8,8,1791,0.39961949347059894,3
188,5,4,1032,0.20161481419858715,2
289,15,3,106,0.33926534024914345,3
193,4,7,1319,0.29365283313933493,2
146,12,3,520,0.5592677960087574,2
250,13,8,1691,0.6898065206094757,3
173,2,6,932,0.37046800694784654,2
236,19,5,1316,0.9512456767737498,3
119,19,4,658,0.20534570337911023,3
257,4,8,1271,0.8178408121322744,3
142,4,8,1910,0.7001638156243539,3
52,11,1,1792,0.49884384083814554,3
197,5,9,1325,0.24039115552992635,2
236,11,5,1567,0.7019892574274236,3
213,10,4,1013,0.5084908102925185,3
196,8,6,1542,0.9490137115305755,3
139,6,6,1550,0.6335920599118128,3
244,6,2,1106,0.9517212090348066,3
196,8,8,1602,0.3763869547786433,3
197,15,7,1598,0.7805807282912827,3
145,14,1,225,0.6937992166789806,2
248,11,5,494,0.7915265838650496,3
101,12,6,916,0.3717342911780295,2
282,13,4,980,0.731995612990219,3
210,8,2,1929,0.5984323144454953,3
217,18,4,675,0.7942599799250532,3
177,1,1,424,0.46163571532145425,2
88,15,7,1515,0.912045620372202,3
131,8,2,1029,0.26744105168908033,2
153,11,2,1811,0.8457514550329506,3
178,12,9,1751,0.8890557006520727,3
60,12,5,1563,0.8538018490934569,3
269,4,2,1327,0.6101811154094208,3
234,16,9,1609,0.5507079840246091,3
266,4,9,932,0.9970098292199014,3
227,5,1,1154,0.3833375609713297,3
200,5,3,1511,0.6375007727008357,3
208,8,4,1748,0.7365404203058605,3
271,10,7,1557,0.7606941086891457,3
91,17,4,936,0.363219732590863,3
148,9,2,1025,0.723195273871841,2
56,19,7,1499,0.8546956531850698,3
193,14,6,1467,0.24001486145688977,2
139,8,3,542,0.9292170346602533,2
161,9,6,1702,0.22360324411616475,3
298,11,6,174,0.4847768259907155,3
293,1,5,656,0.21265055698636967,3
109,14,4,1895,0.2617161348316655,3
162,5,1,1789,0.9289346281440634,3
51,14,6,1278,0.48388866459691826,1
178,4,2,1553,0.5398172243400423,3
97,1,3,462,0.3722755051060421,1
189,19,8,547,0.6776766161493759,3
246,8,6,1357,0.6758425717422317,3
86,15,3,1686,0.4977603134601754,3
209,15,7,1941,0.46642789744431873,3
296,9,4,361,0.9079714465444704,3
58,9,9,1950,0.5066273917137611,3
282,10,5,224,0.5948007937235267,3
148,9,3,1010,0.42664380993994455,2
196,3,2,344,0.829415602685702,2
97,11,2,641,0.5179585255192733,1
257,6,3,584,0.6108888372354597,3
180,2,2,221,0.40268573604772917,2
197,7,4,224,0.9901276738730014,2
201,18,2,1672,0.4331965927389783,3
103,2,9,269,0.8165940247244414,2
169,17,2,223,0.5419965202854073,3
210,11,9,1992,0.36497392406731194,3
201,12,6,1158,0.8397750111718889,3
165,19,1,1210,0.46688543122323456,3
124,7,4,745,0.892154677918249,2
162,6,1,1831,0.9322057479342585,3
249,1,6,885,0.8878590683130207,3
213,17,4,300,0.22800633184544453,3
215,11,3,468,0.8298986760040845,3
153,18,3,896,0.5290715731993152,3
133,17,9,176,0.8989783361457802,3
276,7,6,158,0.7103634101477911,3
161,17,9,530,0.8669145073151667,3
266,9,5,737,0.5995454158934683,3
148,17,2,1623,0.6280204036791464,3
202,8,8,208,0.31551010570693383,3
142,17,5,1859,0.8271898869514844,3
195,7,2,1107,0.5355116893335774,2
177,1,4,1401,0.6000640946172662,2
159,13,9,167,0.8280781712765661,2
131,19,4,1192,0.6790763200635512,3
243,19,4,1288,0.360878981954134,3
103,17,2,1612,0.6721861273207141,3
212,13,6,404,0.5261062863837247,3
257,16,2,773,0.5756204336350901,3
238,8,7,464,0.22264901952213423,3
218,19,3,1977,0.3680234796130253,3
277,18,3,920,0.42483046510482264,3
210,1,5,1502,0.7703680062870446,3
117,14,3,442,0.20919397863849226,2
82,19,2,1046,0.5270218089833056,3
191,15,9,998,0.9392214963405863,2
70,18,2,1677,0.2895044932392991,3
97,2,2,1477,0.6131395105748889,1
197,17,8,1539,0.8292179059126776,3
297,18,9,1232,0.9540250460160935,3
177,6,7,1686,0.7974213116269744,3
185,19,3,861,0.776452438915525,3
184,4,9,1620,0.8611904721566099,3
244,1,3,440,0.5569609767820349,3
194,8,5,1041,0.8446756260942665,2
177,7,9,482,0.20637152379636092,2
82,3,3,1103,0.9396488443014439,1
225,10,7,1656,0.5546452076137403,3
253,10,1,399,0.6427041502925981,3
236,19,4,238,0.4039057991319059,3
164,14,4,458,0.7940246662723371,2
263,2,7,935,0.2613086451801991,3
168,1,8,1622,0.8981086420374682,3
71,18,1,1508,0.8624934632050743,3
287,7,5,1727,0.3728480929958131,3
207,8,7,1403,0.8474595186282099,3
87,1,4,1760,0.8290861864491852,3
279,3,4,582,0.7057732782031592,3
158,8,4,1008,0.49881614151975007,2
100,15,6,1234,0.4171990033454943,1
231,5,7,965,0.38542687223148003,3
57,3,2,238,0.45488717021088576,1
76,19,5,1095,0.9228467547460244,3
76,1,4,534,0.26211262079102504,1
275,15,3,608,0.863097021002367,3
70,8,7,372,0.47911206003345885,1
79,2,6,1222,0.6172795168090865,1
146,3,7,1887,0.8355885069187925,3
77,14,5,1973,0.9075012376183771,3
160,14,6,203,0.4758251360581176,2
241,11,5,1337,0.5694747850200883,3
274,16,7,1884,0.5316128518534338,3
246,4,2,1787,0.21060082680312844,3
110,5,5,861,0.4367543110869253,2
97,14,6,886,0.5673513869860495,1
196,16,6,264,0.5288748871043518,3
53,18,5,1098,0.7775433820125437,3
84,7,7,1976,0.5078428937768826,3
241,10,8,619,0.5915011591765362,3
98,7,7,1407,0.5436868737058906,1
66,1,5,616,0.7925009191154964,1
221,19,1,756,0.89037791918957,3
269,16,5,712,0.6255112632060114,3
207,19,2,263,0.8315457553561529,3
270,4,5,1782,0.4374293456158805,3
95,18,5,163,0.633095688125815,3
166,2,2,1214,0.476183962935978,2
55,1,5,1240,0.5313607404574643,1
148,15,4,1989,0.785931091850135,3
173,5,1,366,0.9053299858661703,2
282,11,3,1945,0.29719631287021236,3
86,10,1,1808,0.7077114051899045,3
73,2,5,1682,0.6657150460622387,3
142,3,4,1263,0.29473203134074555,2
290,12,7,345,0.36951546435208726,3
95,5,5,1784,0.4488019957861442,3
230,5,4,1881,0.3335448566540012,3
144,6,2,494,0.3949835860194735,2
148,9,4,1610,0.41408063908936604,3
237,2,2,575,0.4685390664312477,3
274,12,8,1640,0.7995123622409273,3
165,3,3,1076,0.6575297630804806,2
240,12,9,1307,0.9889973375611212,3
262,17,4,1143,0.5317886615739769,3
209,10,6,657,0.8030920590695401,3
264,14,5,1117,0.8971747371012271,3
210,17,1,1647,0.7431827944304337,3
116,18,9,1705,0.5294917923339968,3
177,19,1,1652,0.8028757045966024,3
67,17,8,982,0.3629337102181479,3
74,14,9,246,0.46204173214410593,1
283,9,9,765,0.637348204079431,3
272,8,1,1427,0.6603275098289187,3
103,2,2,719,0.21771318037810358,2
107,13,1,1871,0.956091351004807,3
116,7,2,919,0.7573018169739121,2
153,9,8,963,0.5965630001855129,2
223,11,5,681,0.9465017875266468,3
73,14,7,1122,0.5512764522006628,1
163,4,2,794,0.9843484562162974,2
81,13,8,1885,0.6098278057947881,3
224,2,6,1351,0.2914286159983836,3
135,5,8,1225,0.8118407779674219,2
200,11,1,1710,0.7431181800622724,3
243,6,1,1540,0.8183893770444695,3
176,18,7,1339,0.9611536229805449,3
204,10,8,506,0.8211914421208146,3
283,4,3,498,0.6890692817733175,3
179,9,5,814,0.8858471218886728,2
267,6,1,803,0.7385971514836254,3
66,2,7,860,0.5264952454607386,1
153,17,5,598,0.9084958113934187,3
210,5,8,1877,0.3775203686274983,3
186,6,8,1588,0.7717130199269795,3
92,12,9,1814,0.9052507639526055,3
295,10,7,1073,0.7850532157626371,3
225,6,1,1854,0.7578203352430857,3
88,8,3,181,0.802110635257469,1
270,2,8,703,0.5720441986405156,3
219,12,3,1810,0.8993365457256208,3
296,13,8,1874,0.36274918010887297,3
75,7,1,871,0.30190913280027143,1
148,10,5,1002,0.42840702409480924,2
99,13,4,464,0.6252619174199945,1
202,17,5,262,0.6084494363274705,3
201,14,8,1171,0.8564790061412693,3
62,2,4,610,0.5236549251232139,1
109,11,4,1452,0.5874755410332069,2
299,1,3,1963,0.2106941466075165,3
184,19,7,215,0.5277913891543513,3
106,4,3,1040,0.7182193863602737,2
85,19,3,1972,0.21240666450127377,3
222,11,5,436,0.424705572148995,3
69,8,5,980,0.36636508743151197,1
114,11,6,836,0.2335883431276706,2
57,4,8,1987,0.58340807193163,3
287,17,6,939,0.3453786345825252,3
193,7,1,246,0.7944652317051042,2
191,8,8,1698,0.8783423070106788,3
253,3,8,1929,0.6364681461353183,3
164,2,9,1446,0.9853658740169133,2
264,15,9,542,0.5603828571764763,3
192,5,2,936,0.6106945681799325,2
141,1,2,1136,0.9913742031662001,2
147,4,3,1042,0.38523874877203906,2
115,15,1,1617,0.9540367517415242,3
81,19,4,1824,0.23427004409529062,3
264,3,4,386,0.5571095122105558,3
240,11,9,819,0.2560028097064526,3
135,17,9,1237,0.7833877943309144,3
100,13,9,579,0.6867271487040143,1
202,11,7,121,0.7653074107740772,3
235,2,2,1472,0.4995843199744136,3
112,9,5,1849,0.4955855472251043,3
239,2,4,782,0.2362554231687157,3
174,9,8,1958,0.47995595162371185,3
199,9,2,1689,0.9434307218096476,3
107,8,6,1005,0.5033812297443592,2
107,17,5,1933,0.8650941649775761,3
135,1,2,419,0.8738604037999473,2
98,11,1,225,0.4985929251033871,1
229,8,8,376,0.7055909443169512,3
219,10,2,1327,0.2762972818184469,3
119,7,7,293,0.28294286458742124,2
64,3,9,1804,0.23892613092937065,3
103,3,9,1787,0.6648120747000876,3
284,18,8,1670,0.5408567821008776,3
237,5,9,795,0.6384258853313921,3
150,12,2,1409,0.6168585524067103,2
274,12,6,156,0.4801623928725842,3
57,19,4,1857,0.7419787318587783,3
102,6,4,1426,0.8068015047331125,2
109,2,5,1286,0.2117026071021406,2
285,12,3,118,0.36579383981510266,3
157,19,1,1493,0.7705886944666696,3
54,5,8,363,0.5092961381070673,1
152,12,5,893,0.7299871575532866,2
245,17,3,212,0.47757012778764674,3
55,17,7,1611,0.5126041218637096,3
158,10,7,1450,0.32694309895174795,2
273,17,1,641,0.40658481573292804,3
165,15,9,746,0.6843294060060698,2
143,12,2,678,0.5465304890521332,2
96,16,5,1188,0.8194421463556762,3
148,19,5,1415,0.8820679639506743,3
104,8,8,124,0.6333171345734079,2
217,17,8,1672,0.8066138336448474,3
101,5,7,100,0.44552361055565604,2
193,16,7,1010,0.5319769723200626,3
62,6,6,1672,0.7702221409734649,3
163,8,6,240,0.5089695942536245,2
173,18,9,1867,0.670803948127191,3
155,12,6,747,0.34829822326600923,2
207,15,2,287,0.6798170519763984,3
196,9,2,1251,0.8892109657815148,2
194,13,5,300,0.8949117118587406,2
169,15,4,1250,0.7794755250636318,2
112,10,2,356,0.7966027032609009,2
68,16,3,1799,0.6463419561205606,3
141,7,7,646,0.6677344721326599,2
107,17,8,293,0.3069204651284144,3
232,7,6,802,0.5550873507370409,3
139,14,5,1227,0.560621027109091,2
278,15,1,1658,0.9667982685341923,3
267,7,8,1388,0.5448694900986315,3
166,9,3,901,0.6394741159222062,2
111,19,6,1041,0.626601119423282,3
72,16,3,1507,0.7094093736354619,3
176,8,7,1383,0.7985862650655167,2
186,18,7,513,0.38003350093669774,3
189,18,9,1481,0.6229795352787486,3
294,7,5,1198,0.8607341658528245,3
178,3,8,1478,0.5704917710700093,2
107,18,8,1707,0.4227660370988584,3
171,10,1,1894,0.7237672602850393,3
50,7,5,1009,0.8590139166392985,1
288,17,3,287,0.25051223434191305,3
83,14,1,1808,0.8214323867257818,3
145,3,4,1413,0.857318346369417,2
175,12,8,144,0.5692183420708854,2
167,13,3,1696,0.986644525454774,3
97,2,2,182,0.8293666725658473,1
138,3,9,1246,0.8189300519165326,2
281,5,5,457,0.7982708595296575,3
286,11,7,1651,0.3204864825746192,3
166,8,2,1189,0.3737847091624087,2
178,12,9,1035,0.5711921051715401,2
65,7,9,1780,0.4112034799675727,3
238,15,4,474,0.5321927778672324,3
280,17,4,261,0.9107712879383365,3
241,4,6,1869,0.8594615135034154,3
240,13,6,1503,0.7040319027839859,3
118,18,1,1779,0.8864963154008829,3
71,1,9,1481,0.8270179112137994,1
142,16,2,1311,0.5431879454727124,3
296,13,5,421,0.3608521216399561,3
244,10,9,549,0.6113608320074714,3
125,12,4,1597,0.78898310602284,3
203,2,3,1136,0.5491356789836744,3
193,3,7,283,0.7334175278271178,2
228,10,6,210,0.27546194103283494,3
278,2,8,607,0.7984037890971227,3
135,13,3,1413,0.8501708959144496,2
234,13,5,394,0.765470284624433,3
78,18,4,1574,0.9738108700210926,3
255,3,4,1003,0.8613216459685125,3
269,7,4,1338,0.9224749823012306,3
118,14,8,1073,0.9468568667661186,2
96,17,6,731,0.8410783934990469,3
290,12,3,1690,0.7394070736051994,3
143,16,5,1150,0.20457486508863143,3
287,12,6,1753,0.5726606025784997,3
239,15,5,832,0.6569298388978888,3
293,10,6,1354,0.4432242179583997,3
246,7,8,1688,0.4544835575227777,3
253,5,7,1930,0.9689275325681321,3
193,1,5,420,0.9133686921621968,2
267,17,6,1012,0.8793432044013634,3
267,3,4,1356,0.5248094413648885,3
225,13,9,1793,0.21095884032713164,3
134,14,4,536,0.2641777971645713,2
88,18,1,880,0.44975709457408297,3
149,4,7,1656,0.2125943303965416,3
82,18,7,1526,0.2137198255321585,3
271,5,4,1176,0.9332826413139288,3
150,16,3,1910,0.7649268016952433,3
72,1,8,1436,0.44716479205452214,1
299,14,5,1404,0.3061156620807626,3
59,15,7,825,0.6093085743160618,1
295,9,4,130,0.20427692868349157,3
118,15,4,436,0.9507309950865153,2
149,17,8,282,0.5318520955111579,3
83,4,8,1146,0.5218679641898663,1
229,12,2,643,0.5124748860654258,3
272,5,2,1569,0.2554626643102118,3
187,5,3,1197,0.7106577918334613,2
299,11,3,1133,0.7864028957026827,3
196,6,1,1607,0.7409003180706322,3
235,7,3,1579,0.31074839466351545,3
145,14,6,1689,0.663072134428474,3
50,11,8,1687,0.6555875873378031,3
297,13,6,759,0.8947286303531057,3
118,2,5,259,0.5033021267005175,2
286,7,4,1137,0.4971887549275474,3
53,4,3,1301,0.6948216469745485,1
65,8,4,511,0.7064581227996105,1
73,19,7,1111,0.5754281818606324,3
129,13,1,152,0.5544474898643369,2
296,14,7,507,0.5953181365103062,3
51,10,1,946,0.8888362396026495,1
290,11,2,1145,0.5689335210031281,3
269,2,4,1153,0.9519454335758579,3
177,9,1,802,0.6032030108770609,2
209,17,9,359,0.9593605545447133,3
268,3,6,1328,0.8662655214952606,3
133,6,1,1182,0.4899450580926633,2
201,5,1,1594,0.8909131370372929,3
189,5,6,875,0.2880506273608922,2
227,15,4,1589,0.9400377402744116,3
212,17,4,1135,0.7053148120663133,3
173,9,6,1754,0.24351259881784895,3
82,3,7,1413,0.7154053789206494,1
210,17,9,949,0.9793981233158049,3
238,10,5,1883,0.2558405236917032,3
228,3,9,453,0.6437501678240691,3
220,18,4,1762,0.798235479807498,3
150,18,2,1198,0.8482068693596252,3
61,17,3,972,0.5310619722566368,3
116,3,1,1839,0.36333324733459443,3
114,3,6,1684,0.23387382301790707,3
210,6,6,1714,0.6637809256777798,3
217,13,1,1564,0.5623288562140887,3
123,15,3,1090,0.9589955161197687,2
92,9,5,1364,0.24848392617192783,1
93,4,3,1117,0.7483162747568046,1
78,14,3,1984,0.21997297769604574,3
190,5,3,1277,0.33714734136843416,2
61,2,5,1909,0.5628631999382674,3
144,11,5,1219,0.5638979542422946,2
95,9,4,1849,0.7485604343469152,3
179,3,1,393,0.9281704278942053,2
292,9,5,308,0.7112257271319367,3
291,3,5,1466,0.9628280782812071,3
84,2,4,1211,0.9052925119023982,1
264,12,6,917,0.6675998364246323,3
130,10,4,1899,0.8670335607350619,3
139,9,7,489,0.7140620882589073,2
57,15,7,424,0.26284626473898176,1
142,8,2,1039,0.792451778607608,2
203,5,3,988,0.275926753013877,3
251,11,1,1955,0.6752662244557699,3
139,2,8,1280,0.7621121646865832,2
211,15,9,767,0.2532220865686842,3
164,6,4,1774,0.3846357231412254,3
154,8,6,732,0.93253778580932,2
184,5,9,676,0.6930515937863171,2
245,16,6,1742,0.3970288150484253,3
107,18,9,1782,0.7525438169184053,3
294,6,4,236,0.6774211359693517,3
163,5,8,1797,0.6012605599343588,3
286,16,9,527,0.9809495799904671,3
124,13,4,1575,0.7467630219260071,3
206,5,5,711,0.5003528877343302,3
169,13,8,1973,0.8400587456614945,3
213,17,6,1010,0.9076666343369502,3
266,18,7,918,0.3001764476134652,3
70,8,3,240,0.3604423822762132,1
298,13,7,1206,0.3729816073022238,3
213,19,8,276,0.7529694475092323,3
187,3,6,297,0.6824316440426267,2
150,8,9,723,0.6951932517588706,2
250,2,6,1691,0.9526186397516008,3
201,8,9,790,0.8207292262458448,3
241,13,4,1544,0.30234953960942657,3
276,13,8,500,0.4780056659401448,3
226,1,4,1821,0.5483149169405885,3
148,6,2,570,0.516769270998084,2
289,19,9,317,0.7354468873295035,3
85,16,5,1028,0.9135144826052501,3
259,8,4,1951,0.44484117081823044,3
290,1,2,1852,0.6415017091369486,3
280,16,1,731,0.8315275375308686,3
145,9,7,1050,0.5329744470762795,2
201,13,6,1005,0.3344945027194367,3
200,11,2,274,0.5799607722109986,2
239,13,8,122,0.2441780165944228,3
273,10,4,1848,0.9539067632018214,3
86,4,8,334,0.2598569641559785,1
61,6,7,1136,0.5507653722004626,1
162,7,5,1224,0.6239050088708209,2
232,5,8,1028,0.9882430658298285,3
62,11,9,1659,0.3328174589142886,3
72,13,5,1999,0.2915452148898869,3
266,19,5,622,0.20696491765003489,3
148,10,2,1908,0.32445714949544185,3
154,10,5,1575,0.3658183832541341,3
79,11,3,530,0.7044647532664738,1
66,7,7,892,0.3757654323131203,1
162,18,5,1729,0.21641665178346017,3
111,4,8,1836,0.8612946764019911,3
133,2,1,632,0.4924765608031734,2
161,14,3,1975,0.48295734926458717,3
266,13,3,1078,0.44198322333434126,3
135,12,9,1846,0.9802986217171368,3
190,7,5,1775,0.3360923338474252,3
236,2,9,1416,0.9185904511625882,3
68,13,9,909,0.8214426657119105,1
226,14,1,1012,0.26118396439945046,3
149,17,2,1224,0.9893832812006791,3
189,9,5,1625,0.41709277083120844,3
238,17,4,1427,0.2788663416179299,3
282,8,9,970,0.8634513873006076,3
196,2,7,639,0.76534042694216,2
125,13,6,1123,0.6937750447023207,2
58,3,7,1676,0.3247846909591465,3
248,16,1,1478,0.5827968930047696,3
77,6,1,1426,0.824444821509771,1
255,19,8,1619,0.4428991505150722,3
272,7,2,1781,0.4493518628120332,3
177,10,9,1891,0.2025127248384977,3
101,9,7,326,0.33939472131630366,2
132,2,6,1359,0.9003245000974676,2
299,15,1,972,0.5533971933101657,3
160,5,1,991,0.9873875993875472,2
193,4,2,1578,0.516566370859034,3
166,4,6,1136,0.7721491638241931,2
118,18,6,309,0.4255352343237833,3
148,4,2,840,0.49104771291274685,2
189,17,1,496,0.35258079007271576,3
74,12,5,1223,0.47764989479951603,1
229,17,5,130,0.6377900163365144,3
172,10,2,997,0.9934183047833995,2
262,1,6,1651,0.7313613704574287,3
277,18,9,748,0.3593967635266513,3
102,18,2,428,0.23596915327324092,3
200,14,2,1289,0.30108518505160853,2
193,15,3,1582,0.650044161018438,3
106,12,7,1945,0.812128263053413,3
88,4,6,1051,0.9523353658405975,1
158,3,8,1223,0.21265853759745668,2
230,12,8,720,0.6182081132494959,3
91,7,6,1978,0.5766938849785415,3
235,11,3,1296,0.7248440175805633,3
216,1,3,1872,0.6476630835722736,3
191,6,1,261,0.7496313204659846,2
272,15,7,1851,0.7264660677993524,3
171,15,5,875,0.293609379886357,2
182,19,4,1386,0.8397743308949757,3
212,11,4,1927,0.2985860605730599,3
264,2,4,373,0.7588245001673097,3
270,14,6,1126,0.5329162941124854,3
284,2,8,1151,0.6110805876612784,3
124,4,8,425,0.9226384115005686,2
195,17,5,1039,0.9119069811787892,3
288,3,6,1272,0.8542850445240238,3
125,13,4,639,0.6081187043650587,2
58,9,9,587,0.7889918481070666,1
123,7,8,921,0.6103176444150475,2
235,15,1,1561,0.895684865979822,3
285,11,2,1188,0.5222206665863199,3
194,2,9,455,0.9761882755319016,2
279,15,8,1656,0.945858206583102,3
56,14,3,1375,0.7932820955614284,1
223,11,8,334,0.42353270734085763,3
190,3,1,326,0.30532287103460676,2
217,17,4,1648,0.8837627600745581,3
219,12,3,1436,0.332241828910369,3
186,15,6,148,0.8834086311978686,2
227,16,7,217,0.5926120053698885,3
76,5,4,153,0.5252454270464835,1
171,6,7,1773,0.9225526230675434,3
243,19,9,664,0.6830807860322223,3
54,5,2,1167,0.6612912057037743,1
78,3,3,1938,0.6470127556995182,3
214,1,5,152,0.49693561281562515,3
215,6,3,1709,0.8285144828233018,3
132,15,8,657,0.4022387552126184,2
185,2,8,1648,0.9511159680330201,3
289,3,8,1800,0.9151881640375688,3
158,17,9,1225,0.46998426053991854,3
114,12,4,1915,0.7835710158653311,3
135,18,5,1893,0.6585785555596733,3
293,15,5,1972,0.4701194415993877,3
194,12,8,967,0.9908173183963573,2
120,16,7,497,0.22018987667861137,3
266,8,9,1261,0.40211682449702935,3
94,14,8,774,0.6160592488889203,1
181,17,2,486,0.6175624027828511,3
85,8,4,210,0.6711464599564514,1
119,15,6,713,0.8013409376183354,2
208,14,2,116,0.6987822644154371,3
68,18,7,1903,0.6802251684224296,3
238,7,3,1305,0.24281157033043466,3
157,3,3,983,0.5012242302314387,2
231,12,2,1659,0.3856445917609248,3
216,3,8,640,0.41229608928158035,3
140,14,6,270,0.6434699794722759,2
251,15,1,508,0.3596042519436868,3
139,14,1,839,0.43515928081351807,2
68,7,7,1501,0.3896677668138721,3
88,17,8,1311,0.9588023545745559,3
175,12,5,957,0.9557325857368761,2
244,4,5,329,0.6879532468768415,3
222,9,4,1956,0.93961797498552,3
190,6,6,1975,0.8286501163746987,3
291,16,6,218,0.671958306241447,3
269,2,3,1279,0.2051481691974366,3
175,8,9,883,0.8180130288635232,2
107,11,7,1810,0.7619906732707751,3
197,13,1,564,0.6922029226259312,2
269,17,7,203,0.8083394493459775,3
249,8,5,1727,0.6103377318198127,3
110,18,5,797,0.7632666170570712,3
176,18,2,1918,0.9481376693811947,3
154,14,4,1625,0.500644012676869,3
216,15,6,1816,0.7664974679205003,3
50,6,7,1805,0.5805502544087671,3
180,11,5,1822,0.7395197214511853,3
254,13,9,274,0.8103146684434914,3
141,1,3,1857,0.23636200034863677,3
239,6,1,844,0.7172803551589295,3
298,9,4,1797,0.3813929475255557,3
240,8,9,1544,0.7360260302460535,3
162,11,4,1257,0.5746641487470507,2
202,19,2,1514,0.8188421934919099,3
105,9,5,1859,0.2987206521644772,3
210,17,3,1624,0.7010578813249562,3
215,12,9,764,0.42277658314204186,3
166,14,4,132,0.8823855962644733,2
183,15,6,154,0.9427068045090461,2
107,16,2,618,0.9971186349432444,3
93,1,6,855,0.8368059219418267,1
222,10,3,1948,0.8029872563424036,3
209,8,9,1761,0.3724006070940409,3
222,18,2,111,0.468805647192087,3
110,1,9,1651,0.5725460334098236,3
96,2,5,819,0.8187048382257998,1
198,1,8,654,0.931972692062375,2
129,1,2,472,0.35131128001838774,2
167,9,6,583,0.9378939877360823,2
262,13,3,1072,0.7564997218832465,3
252,1,5,1770,0.688616584548031,3
278,13,8,1351,0.35987301702555163,3
213,7,1,722,0.24442002624732045,3
276,2,5,406,0.6547719188063519,3
196,6,3,556,0.7212125466631141,2
69,7,4,259,0.36862515948375063,1
234,14,2,430,0.6451649646603652,3
195,18,9,875,0.8851947222100589,3
96,15,3,324,0.8680527563640161,1
282,2,2,1082,0.9418841444690378,3
98,10,9,828,0.49270864764550437,1
63,12,7,1627,0.454439658040735,3
192,17,6,1579,0.7995408047846471,3
208,8,1,1168,0.544889924077604,3
50,11,5,1337,0.2700389312222245,1
166,3,3,1182,0.4262409045363998,2
103,6,1,743,0.5348658284251913,2
167,9,4,715,0.43401314038100164,2
52,6,2,294,0.4657644567578573,1
193,9,2,588,0.4350207249395126,2
264,7,3,256,0.23319933374646357,3
234,9,8,709,0.7096757606595541,3
252,18,8,1349,0.6778339362827754,3
61,12,7,511,0.7227067987829445,1
123,8,6,1328,0.353847916826902,2
273,8,9,1202,0.4365236332899882,3
65,18,4,1247,0.6956927415559379,3
249,15,1,570,0.6797020547679371,3
151,7,8,1341,0.6050642474834143,2
253,11,7,615,0.48033060000815797,3
201,16,7,1725,0.9303448038197519,3
205,4,3,1227,0.471816193839075,3
166,6,4,492,0.5644953251498013,2
57,3,9,730,0.7424910647633671,1
171,9,6,1768,0.6344171446934113,3
141,10,5,1947,0.47750878109150846,3
213,14,3,707,0.548515832365208,3
139,11,9,1079,0.8355846542828049,2
185,18,5,533,0.42250332438928995,3
235,12,5,1454,0.31380419182145236,3
109,12,4,1266,0.4505305614638217,2
227,13,4,1923,0.8796273723903212,3
77,13,1,639,0.27119177188507737,1
269,19,7,377,0.9933568586979615,3
150,19,9,332,0.63280231914213,3
90,14,3,1652,0.9878765951736752,3
277,4,2,1694,0.951197137668782,3
241,13,3,1213,0.5622509713687334,3
204,8,1,1615,0.3587928596842793,3
295,19,6,1322,0.33190782125211077,3
240,12,7,461,0.39199149109596604,3
194,18,2,1564,0.76810611245163,3
250,6,8,125,0.4183599957851903,3
210,18,6,1148,0.47314021568343867,3
294,19,4,1517,0.5590230431956918,3
261,5,5,606,0.930586144337165,3
254,9,8,1424,0.3515147343078769,3
269,3,3,1462,0.2040212420878425,3
289,10,3,366,0.24807712830253614,3
206,19,4,560,0.9238130733440943,3
190,3,1,1816,0.7180131718746905,3
95,15,9,555,0.4184324954622454,1
84,1,8,1483,0.3417540008089529,1
183,7,8,1191,0.4354133893096915,2
131,12,6,1106,0.2918375418010241,2
164,17,7,962,0.9532263282275528,3
246,5,6,1535,0.8273649394922136,3
96,4,9,590,0.5699129415300326,1
202,12,3,1956,0.8919700840921616,3
243,18,3,1172,0.39956656343458585,3
59,17,3,1810,0.773696454777755,3
105,19,3,663,0.8849059992109949,3
79,9,9,1225,0.4854149692986181,1
291,4,4,315,0.8059715563605743,3
158,2,7,1561,0.4360578794114475,3
54,4,9,1823,0.43908570820722465,3
168,2,7,1692,0.28564574284334887,3
297,15,9,658,0.552046437207519,3
82,2,3,258,0.7837695251979377,1
167,4,4,588,0.9521766444570281,2
114,6,8,785,0.6830375935432769,2
195,7,6,1365,0.8905084301885913,2
